{
  "timestamp": "2026-03-05T00:49:57.524827",
  "data_source": "Real SPY options (Yahoo Finance cache)",
  "fair_mode": true,
  "bergomi_params_source": "outputs/joint_calibration.json",
  "vix_term_structure": {
    "30": 19.85,
    "60": 20.15,
    "90": 20.76
  },
  "n_scenarios": 20,
  "summary": {
    "bs_mean_rmse": 7.234720899621188,
    "bergomi_mean_rmse": 6.601291361328845,
    "neural_sde_mean_rmse": 8.38718920680914,
    "neural_measure": "Q"
  },
  "advanced_metrics": {
    "bs_atm_bias": 0.0,
    "berg_atm_bias": 3.618446198230451,
    "neural_atm_bias": 0.45923981103727085,
    "bs_shape_rmse": 7.234720899621188,
    "berg_shape_rmse": 6.766924537627109,
    "neural_shape_rmse": 8.480538736546794,
    "berg_wing_rmse": 9.104497466907322,
    "neural_wing_rmse": 12.702573131077525
  },
  "win_rates": {
    "Bergomi": 9,
    "Neural": 9,
    "BS": 2
  },
  "by_maturity": {
    "6": {
      "bs_rmse": 12.79401036764242,
      "bergomi_rmse": 13.382582343179404
    },
    "7": {
      "bs_rmse": 8.717437682602101,
      "bergomi_rmse": 6.906330557709275
    },
    "14": {
      "bs_rmse": 7.629998482105241,
      "bergomi_rmse": 3.7640205492612635
    },
    "15": {
      "bs_rmse": 7.766508087372077,
      "bergomi_rmse": 10.687566952838484
    },
    "16": {
      "bs_rmse": 8.10676523631804,
      "bergomi_rmse": 4.565379992408571
    },
    "20": {
      "bs_rmse": 7.452834978780768,
      "bergomi_rmse": 8.052691139381775
    },
    "28": {
      "bs_rmse": 5.696516133689297,
      "bergomi_rmse": 4.195559333674497
    },
    "29": {
      "bs_rmse": 5.752300179369998,
      "bergomi_rmse": 8.871380428531321
    },
    "34": {
      "bs_rmse": 6.402419046728559,
      "bergomi_rmse": 3.7545787677107088
    },
    "40": {
      "bs_rmse": 4.959020573418615,
      "bergomi_rmse": 5.05131236314609
    },
    "41": {
      "bs_rmse": 4.758598159645108,
      "bergomi_rmse": 4.33119721194831
    },
    "43": {
      "bs_rmse": 4.671754768123216,
      "bergomi_rmse": 5.5132579181994315
    },
    "44": {
      "bs_rmse": 5.246577831164438,
      "bergomi_rmse": 4.700584606076758
    }
  },
  "daily_results": [
    {
      "snapshot": 1,
      "spot": 685.719970703125,
      "dte": 7,
      "n_options": 71,
      "atm_vol": 17.30124203491211,
      "xi0": 0.04060224999999999,
      "bs_rmse": 7.65544393211013,
      "bergomi_rmse": 4.579263510210274,
      "neural_sde_rmse": 13.29419409199742,
      "neural_measure": "Q",
      "best_model": "Bergomi",
      "bs_atm_bias": 0.0,
      "bs_shape_rmse": 7.65544393211013,
      "bs_wing_rmse": 14.87373917597862,
      "berg_atm_bias": 2.7974934426124314,
      "berg_shape_rmse": 4.438433957168773,
      "berg_wing_rmse": 5.222606473432435,
      "neural_atm_bias": 0.1487022899033441,
      "neural_shape_rmse": 13.349003962194933,
      "neural_wing_rmse": 28.933677434598447
    },
    {
      "snapshot": 1,
      "spot": 685.719970703125,
      "dte": 15,
      "n_options": 118,
      "atm_vol": 17.53317330932617,
      "xi0": 0.040920069521331946,
      "bs_rmse": 7.766508087372077,
      "bergomi_rmse": 10.687566952838484,
      "neural_sde_rmse": 3.869712972334039,
      "neural_measure": "Q",
      "best_model": "Neural",
      "bs_atm_bias": 0.0,
      "bs_shape_rmse": 7.766508087372077,
      "bs_wing_rmse": 10.757776769229778,
      "berg_atm_bias": 2.5281540684105863,
      "berg_shape_rmse": 11.508439912806248,
      "berg_wing_rmse": 15.508186727135449,
      "neural_atm_bias": 0.30919550136986373,
      "neural_shape_rmse": 3.942827559493294,
      "neural_wing_rmse": 4.33372596702896
    },
    {
      "snapshot": 1,
      "spot": 685.719970703125,
      "dte": 28,
      "n_options": 72,
      "atm_vol": 17.00980207824707,
      "xi0": 0.04196154010405827,
      "bs_rmse": 5.12791976949526,
      "bergomi_rmse": 4.3364870014323476,
      "neural_sde_rmse": 2.554295045421849,
      "neural_measure": "Q",
      "best_model": "Neural",
      "bs_atm_bias": 0.0,
      "bs_shape_rmse": 5.12791976949526,
      "bs_wing_rmse": 9.384374724918564,
      "berg_atm_bias": 3.300990589739083,
      "berg_shape_rmse": 3.5974364205295055,
      "berg_wing_rmse": 5.117090804604282,
      "neural_atm_bias": 0.7884808350462187,
      "neural_shape_rmse": 2.473626698943075,
      "neural_wing_rmse": 3.4919154431027613
    },
    {
      "snapshot": 1,
      "spot": 685.719970703125,
      "dte": 43,
      "n_options": 114,
      "atm_vol": 17.39584558105469,
      "xi0": 0.04313111858371406,
      "bs_rmse": 4.671754768123216,
      "bergomi_rmse": 5.5132579181994315,
      "neural_sde_rmse": 3.5628146307058204,
      "neural_measure": "Q",
      "best_model": "Neural",
      "bs_atm_bias": 0.0,
      "bs_shape_rmse": 4.671754768123216,
      "bs_wing_rmse": 6.594937504574092,
      "berg_atm_bias": 3.375254955935578,
      "berg_shape_rmse": 3.340896755836811,
      "berg_wing_rmse": 6.532265638729061,
      "neural_atm_bias": 0.8737235788072653,
      "neural_shape_rmse": 3.1643566373365903,
      "neural_wing_rmse": 4.719376538794803
    },
    {
      "snapshot": 2,
      "spot": 678.6099853515625,
      "dte": 7,
      "n_options": 69,
      "atm_vol": 19.79450323486328,
      "xi0": 0.04060224999999999,
      "bs_rmse": 7.65534052777392,
      "bergomi_rmse": 13.099117174185663,
      "neural_sde_rmse": 4.643241368934286,
      "neural_measure": "Q",
      "best_model": "Neural",
      "bs_atm_bias": 0.0,
      "bs_shape_rmse": 7.65534052777392,
      "bs_wing_rmse": 15.586503927724097,
      "berg_atm_bias": 0.36396893574118394,
      "berg_shape_rmse": 13.221869921206151,
      "berg_wing_rmse": 31.74424394507154,
      "neural_atm_bias": 0.3750743333501134,
      "neural_shape_rmse": 4.700704892510136,
      "neural_wing_rmse": 6.565588805119238
    },
    {
      "snapshot": 2,
      "spot": 678.6099853515625,
      "dte": 16,
      "n_options": 118,
      "atm_vol": 19.7700894165039,
      "xi0": 0.04099971800208116,
      "bs_rmse": 8.10676523631804,
      "bergomi_rmse": 4.565379992408571,
      "neural_sde_rmse": 5.65461219102693,
      "neural_measure": "Q",
      "best_model": "Bergomi",
      "bs_atm_bias": 0.0,
      "bs_shape_rmse": 8.10676523631804,
      "bs_wing_rmse": 11.096973970226472,
      "berg_atm_bias": 0.6377506771569799,
      "berg_shape_rmse": 4.754499318839365,
      "berg_wing_rmse": 5.6858939572397915,
      "neural_atm_bias": 0.39742933811595194,
      "neural_shape_rmse": 5.789191907125987,
      "neural_wing_rmse": 7.300020868234948
    },
    {
      "snapshot": 2,
      "spot": 678.6099853515625,
      "dte": 29,
      "n_options": 73,
      "atm_vol": 18.67451931762695,
      "xi0": 0.0420421953069719,
      "bs_rmse": 5.752300179369998,
      "bergomi_rmse": 8.871380428531321,
      "neural_sde_rmse": 8.144678317034458,
      "neural_measure": "Q",
      "best_model": "BS",
      "bs_atm_bias": 0.0,
      "bs_shape_rmse": 5.752300179369998,
      "bs_wing_rmse": 10.129405009132107,
      "berg_atm_bias": 1.2768331755944935,
      "berg_shape_rmse": 9.133217858845086,
      "berg_wing_rmse": 17.035821178563555,
      "neural_atm_bias": 0.13931187255802868,
      "neural_shape_rmse": 8.180296175750652,
      "neural_wing_rmse": 15.750636474391166
    },
    {
      "snapshot": 2,
      "spot": 678.6099853515625,
      "dte": 44,
      "n_options": 116,
      "atm_vol": 18.74318318176269,
      "xi0": 0.04316449007256114,
      "bs_rmse": 5.246577831164438,
      "bergomi_rmse": 4.700584606076758,
      "neural_sde_rmse": 3.609023094490602,
      "neural_measure": "Q",
      "best_model": "Neural",
      "bs_atm_bias": 0.0,
      "bs_shape_rmse": 5.246577831164438,
      "bs_wing_rmse": 7.219489461211787,
      "berg_atm_bias": 1.5931367381294628,
      "berg_shape_rmse": 3.8782462184040254,
      "berg_wing_rmse": 6.154919589783843,
      "neural_atm_bias": 0.5805998121643654,
      "neural_shape_rmse": 3.3670934624918463,