{
  "timestamp": "2026-02-19T23:56:13.561680",
  "data_source": "Real SPY options (Yahoo Finance cache)",
  "fair_mode": true,
  "vix_term_structure": {
    "30": 19.85,
    "60": 20.15,
    "90": 20.76
  },
  "n_scenarios": 4,
  "summary": {
    "bs_mean_rmse": 7.373809431888983,
    "bergomi_mean_rmse": 2.465842736958479,
    "neural_sde_mean_rmse": 5.077305031684825
  },
  "win_rates": {
    "Bergomi": 4
  },
  "by_maturity": {
    "7": {
      "bs_rmse": 10.841528587922252,
      "bergomi_rmse": 1.5616719089849254
    },
    "14": {
      "bs_rmse": 7.629998482105241,
      "bergomi_rmse": 3.3872499501287194
    },
    "28": {
      "bs_rmse": 6.265112497883334,
      "bergomi_rmse": 2.2466110678641122
    },
    "41": {
      "bs_rmse": 4.758598159645108,
      "bergomi_rmse": 2.667838020856159
    }
  },
  "daily_results": [
    {
      "snapshot": 1,
      "spot": 684.1699829101562,
      "dte": 7,
      "n_options": 121,
      "atm_vol": 18.12215667724609,
      "xi0": 0.04060224999999999,
      "bs_rmse": 10.841528587922252,
      "bergomi_rmse": 1.5616719089849254,
      "neural_sde_rmse": 4.896929140195513,
      "best_model": "Bergomi"
    },
    {
      "snapshot": 1,
      "spot": 684.1699829101562,
      "dte": 14,
      "n_options": 115,
      "atm_vol": 17.23410403442383,
      "xi0": 0.04084049848074921,
      "bs_rmse": 7.629998482105241,
      "bergomi_rmse": 3.3872499501287194,
      "neural_sde_rmse": 7.906449980098946,
      "best_model": "Bergomi"
    },
    {
      "snapshot": 1,
      "spot": 684.1699829101562,
      "dte": 28,
      "n_options": 124,
      "atm_vol": 17.09372457885742,
      "xi0": 0.04196154010405827,
      "bs_rmse": 6.265112497883334,
      "bergomi_rmse": 2.2466110678641122,
      "neural_sde_rmse": 4.5485712003505325,
      "best_model": "Bergomi"
    },
    {
      "snapshot": 1,
      "spot": 684.1699829101562,
      "dte": 41,
      "n_options": 68,
      "atm_vol": 16.671060348510743,
      "xi0": 0.04301609807492196,
      "bs_rmse": 4.758598159645108,
      "bergomi_rmse": 2.667838020856159,
      "neural_sde_rmse": 2.957269806094311,
      "best_model": "Bergomi"
    }
  ]
}