{
  "timestamp": "2026-02-20T00:16:05.558839",
  "spot": 684.47998046875,
  "target_dte": 27,
  "T": 0.07397260273972603,
  "atm_iv": 0.16205671936035154,
  "n_options": 153,
  "surface_dtes": [
    2,
    3,
    4,
    5,
    6,
    13,
    20,
    27,
    34,
    38,
    40,
    55,
    68,
    83,
    97,
    117
  ],
  "surface_n_options": 1967,
  "rmse_results": {
    "Black-Scholes": 7.916586389267094,
    "Bergomi": 2.159530884395014,
    "Neural SDE": 6.01732742353774
  },
  "bergomi_params": {
    "hurst": 0.2,
    "eta": 2.5,
    "rho": -0.8,
    "xi0": 0.026262380289839737
  }
}