{
  "timestamp": "2026-02-09T23:11:02.249650",
  "spot": 693.9500122070312,
  "target_dte": 31,
  "T": 0.08493150684931507,
  "atm_iv": 0.161843098449707,
  "n_options": 138,
  "surface_dtes": [
    1,
    2,
    3,
    7,
    8,
    9,
    10,
    17,
    24,
    31,
    38,
    45,
    49,
    66,
    79,
    94,
    108
  ],
  "surface_n_options": 2160,
  "rmse_results": {
    "Black-Scholes": 6.406172567554185,
    "Bergomi": 7.916894910415485,
    "Neural SDE": 5.291003769062759
  },
  "bergomi_params": {
    "hurst": 0.2,
    "eta": 1.0,
    "rho": -0.8,
    "xi0": 0.026193188515801557
  }
}