{
  "timestamp": "2026-03-20T00:36:59.636134",
  "spot": 659.7999877929688,
  "target_dte": 27,
  "T": 0.07397260273972603,
  "atm_iv": 0.19403882141113282,
  "n_options": 197,
  "surface_dtes": [
    2,
    3,
    4,
    5,
    6,
    10,
    12,
    20,
    27,
    34,
    40,
    41,
    55,
    69,
    89,
    101,
    118,
    132,
    153,
    163,
    181,
    193,
    272,
    285,
    300
  ],
  "surface_n_options": 3423,
  "rmse_results": {
    "Black-Scholes": 14.75654244739456,
    "Bergomi": 3.931897474077249,
    "Neural SDE": 5.2011437058368095
  },
  "bergomi_params": {
    "hurst": 0.2,
    "eta": 3.0,
    "rho": -0.7,
    "xi0": 0.0376510642146215
  }
}