{
  "consensus_comparison": {
    "SPX": {
      "H": 0.08295887658623706,
      "std": 0.002202750225200529
    },
    "SPY": {
      "H": 0.3618231742703069,
      "std": 0.009032299059984298
    },
    "CAC40": {
      "H": 0.1043514353466362,
      "std": 0.005637308320984371
    }
  }
}