{
  "consensus_comparison": {
    "SPX": {
      "H": 0.10956299707390098,
      "std": 0.0025805541796847077
    },
    "SPY": {
      "H": 0.11133189304913069,
      "std": 0.009160387873425033
    },
    "CAC40": {
      "H": 0.08959636382483255,
      "std": 0.010564145194835752
    }
  }
}