{
  "consensus_comparison": {
    "SPX": {
      "H": 0.10916676867751215,
      "std": 0.0024869690928528885
    },
    "SPY": {
      "H": 0.11129381969846353,
      "std": 0.00929735273419577
    },
    "CAC40": {
      "H": 0.08948992509405813,
      "std": 0.011228998034398847
    }
  }
}