{
  "timestamp": "2026-02-09T23:56:58.302561",
  "fixes_applied": [
    "Trained model (100 epochs)",
    "Market-implied rho = -0.7",
    "50000 MC paths"
  ],
  "neural_sde_rmse": 5.850698027196668,
  "black_scholes_rmse": 3.629182007934928,
  "n_options": 106,
  "dte": 31,
  "spot": 693.9500122070312,
  "atm_iv": 0.161843098449707
}