{
  "params": [
    0.18192372322148787,
    0.037538604252328626,
    -0.018480762833669687,
    0.1546773131080018,
    -0.3412238612806118
  ],
  "spot": 661.4299926757812,
  "r": 0.0365,
  "H_bergomi": 0.007125334630673047,
  "eta_bergomi": 1.4988809193904555,
  "rho_bergomi": -0.9949975894769678,
  "vvix": 126.5
}