{
  "model": "4-factor discrete PDV (Guyon & Parent 2025, SSRN 5382733)",
  "as_of_date": "2026-03-26",
  "spot": 6591.89990234375,
  "risk_free_rate": 0.0364,
  "calibrated_params": {
    "beta_0": 0.09054966885626832,
    "beta_1": -0.1028750116999335,
    "beta_2": 0.5323910853493914,
    "lam_10": 89.27303300110708,
    "lam_11": 10.124652349971502,
    "theta_1": 0.5,
    "lam_20": 77.40602476504982,
    "lam_21": 1.6790723273280534,
    "theta_2": 0.05,
    "nu": 14.424591371789575
  },
  "factors": {
    "R10": -0.17083980078496833,
    "R11": -0.32966573754917355,
    "R20": 0.028139819840860333,
    "R21": 0.01536124969400625
  },
  "loss": {
    "total": 0.014966101409623624,
    "smile": 0.011963901790855836,
    "vix": 0.0030021514764545626,
    "martingale": 9.628462645053592e-09
  },
  "spx_rmse_bps": 349.4256140615766,
  "n_mc_paths": 400000,
  "n_iterations": 1562,
  "grid_evaluated": 96,
  "elapsed_seconds": 5813.583870410919
}