{
  "timestamp": "2026-02-10T00:24:23.753685",
  "v0": 0.017462125677201037,
  "sigma0": 0.13214433653093513,
  "neural_rmse": 2.954532901927313,
  "bs_rmse": 3.9372241500532654,
  "winner": "neural"
}