{
  "timestamp": "2026-02-19T00:03:28.094684",
  "v0": 0.02919144303853815,
  "sigma0": 0.1708550351571125,
  "neural_rmse": 3.498939063836384,
  "bs_rmse": 4.0757603419102,
  "winner": "neural"
}