{
  "roughness": {
    "H_vix": 0.475482009965847,
    "H_rv": 0.12996390503620708,
    "H_generated_mean": 0.4750898123289947,
    "H_generated_std": 0.10393450203491526,
    "gap_vs_training": 0.00039219763685227615
  },
  "signatures": {
    "real_norm": 0.021094609051942825,
    "gen_norm": 0.01953270472586155,
    "norm_ratio": 0.925957202911377,
    "mean_correlation": 0.999569659000619
  },
  "ablation": {
    "mmd_neural": 0.02799507975578308,
    "mmd_ou": 0.02964373119175434,
    "improvement_pct": 5.5615516997733625,
    "hurst_real": 0.5000241841113219,
    "hurst_neural": 0.46063686227034756,
    "hurst_ou": 0.464550403476442
  }
}