{
  "roughness": {
    "H_vix": 0.475482009965847,
    "H_rv": 0.12996390503620708,
    "H_generated_mean": 0.4778182442078139,
    "H_generated_std": 0.10419435592890965,
    "gap_vs_training": 0.0023362342419668836
  },
  "signatures": {
    "real_norm": 0.021094609051942825,
    "gen_norm": 0.018216552212834358,
    "norm_ratio": 0.8635643720626831,
    "mean_correlation": 0.9970509487962433
  },
  "ablation": {
    "mmd_neural": 0.025780506432056427,
    "mmd_ou": 0.02964373119175434,
    "improvement_pct": 13.03218118767891,
    "hurst_real": 0.5000241841113219,
    "hurst_neural": 0.4647883205477703,
    "hurst_ou": 0.464550403476442
  }
}